{"cameraMode":{"drawMode":0,"name":"Shaded","section":"Shading Mode"},"sceneLighting":true,"audioPlay":false,"sceneViewState":{"m_AlwaysRefresh":false,"showFog":true,"showSkybox":true,"showFlares":true,"showImageEffects":true,"showParticleSystems":true,"showVisualEffectGraphs":true,"m_FxEnabled":true},"in2DMode":false,"pivot":{"x":11.579270362854004,"y":11.011473655700684,"z":6.122511863708496},"rotation":{"x":-0.15474702417850495,"y":-0.09468510001897812,"z":0.014902959577739239,"w":-0.9832765460014343},"size":32.69862365722656,"orthographic":false}